등록일,차량번호,제조사,차량명,세부모델,연식,주행거리,옵션,매입가,판매가,외판수리,외판수리비,헤딜수수료,특이사항,상태
26-09-30,19수0917,기아,올 뉴 K7,2.2 디젤 프레스티지,16,"132,000 km",기본형-서라운드뷰 / 컴포트1 / 헤드업디스플레이 / 드라이빙세이프티 / 선루프 / 스타일,774,1020,3,39,24.5,[셀프(기본) / 마진: 160만] ,장부저장
26-09-30,41러0197,KG모빌리티(쌍용),티볼리,가솔린 VX 2WD,16,"64,100 km",세이프티 선루프 / 스마트 드라이빙 패키지 2,493,730,4,52,18.5,[셀프(기본) / 마진: 146만] ,장부저장
26-09-30,55우1513,현대,더 뉴 아반떼 AD,1.6 가솔린 스마트,19,"104,523 km",베스트초이스 패키지 / 컴포트패키지Ⅱ / 스타일패키지Ⅰ,922,1090,0,0,24.5,[셀프(기본) / 마진: 121만] ,장부저장
26-09-30,113라9575,르노코리아(삼성),더 뉴 QM6,2.0 LPe LE 2WD,19,"118,690 km",LED PURE VISION 헤드램프 / S-Link 패키지 I / 매직테일게이트 / 전자식 파킹 브레이크 / 하이패스시스템,836,1180,11,143,36.5,[제로 / 마진: 141만] ,장부저장
26-09-30,324오3784,기아,더 뉴 레이,시그니처,21,"50,790 km",기본형-컨비니언스 / 드라이브와이즈 / 멀티미디어2 / 스타일,1038,1300,7,91,36.5,[제로 / 마진: 110만] ,장부저장
26-09-30,39너0875,기아,더 뉴 모닝,럭셔리,15,"68,481 km",기본형-내비게이션,378,590,4,52,30.0,[제로 / 마진: 111만] ,장부저장
26-09-30,312머3969,기아,더 뉴 레이,프레스티지,19,"33,761 km",오렌지 스페셜-컴포트 팩 / 내비게이션,974,1180,2,26,30.5,[제로 / 마진: 126만] ,장부저장
26-09-30,56무4386,기아,스포티지 R,디젤 2WD TLX 최고급형,11,"136,832 km",최고급형-선루프,242,470,3,39,30.0,[제로 / 마진: 141만] ,장부저장
26-09-30,65너2885,기아,더 뉴 쏘렌토,디젤 2.2 2WD 노블레스 (7인승),18,"91,053 km",브라운 / 선루프 / 스타일2 / UVO,1348,1620,3,39,36.5,[제로 / 마진: 170만] ,장부저장
26-09-30,378루9035,기아,더 뉴 기아 레이,프레스티지,23,"26,600 km",기본형,1134,1320,2,26,25.0,[셀프(기본) / 마진: 111만] ,장부저장
26-09-30,175노4328,르노코리아(삼성),더 뉴 QM6,2.0 LPe LE 2WD,21,"123,483 km",S-Link 패키지 I / 하이패스시스템,940,1180,4,52,24.5,[셀프(기본) / 마진: 140만] ,장부저장
26-09-30,136너2184,쉐보레(GM대우),더 뉴 트랙스,1.4 LTZ,16,"98,500 km",선루프 / BOSE 사운드 시스템 / 스마트키 / 전동시트 / 사각지대 경고시스템 / 마이링크,469,690,4,52,18.5,[셀프(기본) / 마진: 131만] ,장부저장
26-09-30,264부1087,르노코리아(삼성),XM3,1.6 GTe LE Plus,20,"8,796 km",시그니처 패키지Ⅰ / 하이패스/전자식 룸 미러,1075,1280,2,26,25.0,[셀프(기본) / 마진: 130만] ,장부저장
26-09-30,112저4548,기아,더뉴레이,시그니처,20,"13,793 km",,1031,1180,0,0,25.0,[셀프(기본) / 마진: 101만] ,장부저장
26-09-30,113마5813,현대,캐스퍼,1.0 인스퍼레이션,21,"33,000 km",,1201,1400,3,39,25.0,[셀프(기본) / 마진: 110만] ,장부저장
26-09-30,30수4921,현대,올뉴투싼,디젤 1.7 2WD 모던,15,"111,500 km",,509,720,2,26,24.5,[셀프(기본) / 마진: 140만] ,장부저장
26-09-30,45버0204,쉐보레(GM대우),어메이징뉴크루즈,1.8 LTZ,16,"145,000 km",,112,330,4,52,18.5,[셀프(기본) / 마진: 130만] ,장부저장
26-09-30,45버0204,쉐보레(GM대우),어메이징뉴크루즈,1.8 LTZ,16,"145,000 km",,112,330,4,52,18.5,[셀프(기본) / 마진: 130만] ,장부저장
26-09-30,15거0188,현대,싼타페더프라임,디젤 2.0 2WD 프리미엄 (5인승),16,"122,350 km",,831,1070,4,52,24.5,[셀프(기본) / 마진: 140만] ,장부저장
26-09-30,183누5967,현대,아반떼(CN7),1.6 가솔린 인스퍼레이션,21,"82,155 km",,1508,1680,0,0,25.0,[셀프(기본) / 마진: 120만] ,장부저장
26-09-30,41소1115,현대,뉴투싼ix,디젤(e-VGT) 2WD 스마트 스페셜,15,"100,000 km",,465,670,2,26,18.5,[셀프(기본) / 마진: 141만] ,장부저장
26-09-30,11오1315,현대,그랜저HG,HG240 모던,15,"132,000 km",,274,530,6,78,18.5,[셀프(기본) / 마진: 141만] ,장부저장
26-09-30,65가8938,기아,올뉴카니발,디젤 9인승 프레스티지,17,"127,070 km",,781,1020,4,52,24.5,[셀프(기본) / 마진: 140만] ,장부저장
26-09-30,247수6464,기아,더뉴K52세대,2.0 가솔린 인텔리전트,18,"106,600 km",,913,1120,3,39,24.5,[셀프(기본) / 마진: 121만] ,장부저장
26-09-30,64우0174,쉐보레(GM대우),더넥스트스파크,LT 플러스,16,"54,391 km",,201,400,4,52,18.5,[셀프(기본) / 마진: 111만] ,장부저장
26-09-30,07너0457,현대,올뉴투싼,디젤 2.0 2WD 모던,16,"100,896 km",,805,1050,6,78,24.5,[셀프(기본) / 마진: 120만] ,장부저장
26-09-30,54고3560,현대,싼타페TM,디젤 2.2 2WD 익스클루시브 (5인승),18,"131,500 km",,1306,1520,1,13,25.0,[셀프(기본) / 마진: 150만] ,장부저장
26-09-30,54고3560,현대,싼타페TM,디젤 2.2 2WD 익스클루시브 (5인승),18,"131,500 km",,1306,1520,1,13,25.0,[셀프(기본) / 마진: 150만] ,장부저장
26-09-29,170부1940,기아,K53세대,1.6 터보 노블레스,20,"101,000 km",,1380,1630,6,78,25.0,[셀프(기본) / 마진: 121만] ,장부저장
26-09-29,08모3687,기아,레이,럭셔리,13,"138,500 km",,336,510,2,26,18.5,[셀프(기본) / 마진: 111만] ,장부저장
26-09-29,145주2770,현대,캐스퍼,1.0 터보 인스퍼레이션,24,"8,500 km",,1564,1750,1,13,25.0,[셀프(기본) / 마진: 121만] ,장부저장
26-09-29,169가9091,기아,스포티지5세대,가솔린 1.6 터보 2WD 프레스티지,22,"132,000 km",,1452,1680,2,26,25.0,[셀프(기본) / 마진: 150만] ,장부저장
26-09-29,240거8803,기아,쏘렌토4세대,디젤 2.2 4WD 노블레스,20,"105,000 km",,1799,2030,2,26,25.0,[셀프(기본) / 마진: 151만] ,장부저장
26-09-29,380노1818,쉐보레(GM대우),트레일블레이저,1.3 터보 4WD RS,20,"53,615 km",,1800,2130,1,13,25.0,[셀프(기본) / 마진: 262만] ,장부저장
26-09-29,06가6332,현대,싼타페TM,디젤 2.2 2WD 프레스티지 (7인승),18,"126,536 km",,1362,1590,2,26,25.0,[셀프(기본) / 마진: 151만] ,장부저장
26-09-29,243더3991,현대,더뉴그랜저IG,2.5 가솔린 익스클루시브,20,"148,760 km",,1245,1550,8,104,25.0,[셀프(기본) / 마진: 150만] ,장부저장
26-09-29,103도9552,현대,캐스퍼,1.0 터보 모던,22,"29,122 km",,1329,1500,0,0,25.0,[셀프(기본) / 마진: 120만] ,장부저장
26-09-29,35도5467,현대,싼타페DM,디젤(e-VGT) 2.0 2WD 익스클루시브 (5인승),14,"111,000 km",,575,800,3,39,24.5,[셀프(기본) / 마진: 141만] ,장부저장
26-09-29,21두0107,현대,아반떼AD,1.6 GDI 스마트,16,"29,338 km",,773,950,0,0,24.5,[셀프(기본) / 마진: 131만] ,장부저장
26-09-29,282마6086,기아,K53세대,2.0 가솔린 노블레스,20,"143,600 km",,1267,1490,4,52,25.0,[셀프(기본) / 마진: 121만] ,장부저장
26-09-29,49모1592,쉐보레(GM대우),스파크,스파크 S LT,15,"37,800 km",,267,450,2,26,18.5,[셀프(기본) / 마진: 120만] ,장부저장
26-09-29,145루6894,기아,더뉴K32세대,1.6 터보 GT 5도어 시그니처,22,"97,000 km",,1270,1490,3,39,25.0,[셀프(기본) / 마진: 131만] ,장부저장
26-09-29,01머1871,기아,더뉴쏘렌토,디젤 2.2 2WD 노블레스 (5인승),18,"111,662 km",,1140,1350,0,0,25.0,[셀프(기본) / 마진: 161만] ,장부저장
26-09-29,126오3105,기아,카니발4세대,디젤 9인승 프레스티지,21,"106,000 km",,1621,1900,5,65,25.0,[셀프(기본) / 마진: 161만] ,장부저장
26-09-29,05다5582,현대,쏘나타뉴라이즈,2.0 스마트,17,"140,000 km",,547,830,9,117,24.5,[셀프(기본) / 마진: 121만] ,장부저장
26-09-29,253오3917,현대,캐스퍼,1.0 인스퍼레이션,24,"11,357 km",,1518,1690,0,0,25.0,[셀프(기본) / 마진: 120만] ,장부저장
26-09-29,67모4411,현대,싼타페DM,디젤(e-VGT) 2.0 2WD 프리미엄 (5인승),12,"106,537 km",,562,790,4,52,24.5,[셀프(기본) / 마진: 131만] ,장부저장
26-09-29,37다1840,기아,올뉴카니발,디젤 9인승 프레스티지,17,"140,000 km","드라이브 와이즈, 컴포트, 스타일",767,980,2,26,24.5,[셀프(기본) / 마진: 141만] ,장부저장
26-09-29,52마2627,르노코리아(삼성),QM6,가솔린 2WD LE,18,"97,446 km",,692,920,4,52,24.5,[셀프(기본) / 마진: 130만] ,장부저장
26-09-29,385부7579,기아,쏘렌토4세대,디젤 2.2 2WD 노블레스,21,"119,780 km",,1795,2020,0,0,25.0,[셀프(기본) / 마진: 171만] ,장부저장
26-09-29,382무7079,현대,아반떼(CN7),1.6 가솔린 스마트,20,"150,000 km",,724,980,6,78,24.5,[셀프(기본) / 마진: 132만] ,장부저장
26-09-29,31수9497,현대,i40,2.0 GDi PYL,13,"145,000 km",,343,650,6,78,18.5,[셀프(기본) / 마진: 191만] ,장부저장
26-09-29,154루1029,현대,투싼(NX4),가솔린 1.6 터보 2WD 프리미엄,21,"63,000 km",,1780,2000,2,26,25.0,[셀프(기본) / 마진: 140만] ,장부저장
26-09-29,159모4997,현대,아반떼(CN7),1.6 가솔린 모던,21,"80,000 km",,1284,1520,5,65,25.0,[셀프(기본) / 마진: 120만] ,장부저장
26-09-29,260라3671,현대,i30(PD),1.6 터보 N Line,20,"89,777 km",,1075,1310,5,65,25.0,[셀프(기본) / 마진: 121만] ,장부저장
26-09-29,16주4799,현대,아이오닉5,EV 2WD 롱레인지 프레스티지,22,"70,000 km",,2740,2980,0,0,0.0,[개인 / 마진: 204만] 심영진,장부저장
26-09-28,330나1285,르노코리아(삼성),더뉴QM6,2.0 GDe RE 시그니처 2WD,21,"23,400 km",,1607,1800,0,0,25.0,[셀프(기본)] ,장부저장
26-09-28,337너5231,기아,카니발4세대,디젤 7인승 노블레스,21,"90,479 km",,2103,2310,0,0,25.0,[셀프(기본)] ,장부저장
26-09-28,122다6616,기아,스포티지5세대하이브리드,시그니처 그래비티,22,"84,800 km",,2455,2690,2,26,25.0,[셀프(기본)] ,장부저장
26-09-28,02더0350,기아,스포티지4세대,디젤 1.7 2WD 노블레스,15,"119,575 km",,615,820,3,39,24.5,[셀프(기본)] ,장부저장
26-09-28,47오0217,현대,아반떼AD,1.6 터보 스포츠,16,"140,605 km",,559,810,5,65,24.5,[셀프(기본)] ,장부저장
26-09-28,333무7706,현대,캐스퍼,1.0 디 에센셜,24,"58,000 km",,1184,1370,2,26,25.0,[셀프(기본)] ,장부저장
26-09-28,35러1686,현대,싼타페TM,가솔린 2.0T 2WD 인스퍼레이션 (5인승),19,"71,341 km",,1608,1910,6,78,25.0,[셀프(기본)] ,장부저장
26-09-28,04조6564,기아,올뉴모닝(JA),1.0 터보 프레스티지,17,"98,000 km",,417,670,8,104,18.5,[셀프(기본)] ,장부저장
26-09-28,333조5146,현대,캐스퍼,1.0 터보 디 에센셜,24,"21,000 km",,1379,1540,0,0,25.0,[셀프(기본)] ,장부저장
26-09-28,214서9284,KG모빌리티(쌍용),토레스,가솔린 1.5 2WD T7,22,"77,000 km",,1420,1690,6,78,25.0,[셀프(기본)] ,장부저장
26-09-28,339다5729,기아,K53세대,1.6 터보 노블레스,21,"99,000 km",,1406,1630,4,52,25.0,[셀프(기본)] ,장부저장
26-09-28,144고1689,현대,그랜저HG,HG300 프리미엄,15,"142,000 km",,366,550,2,26,18.5,[셀프(기본)] ,장부저장
26-09-28,63가8025,현대,코나,1.6 터보 2WD 모던 테크,18,"100,329 km",,1000,1220,2,26,25.0,[셀프(기본)] ,장부저장
26-09-28,20로8026,기아,투싼(NX4),2.0 MX 노블레스 스페셜,15,"48,249 km",,1101,1270,0,0,25.0,[셀프(기본)] ,장부저장
26-09-28,155라7987,현대,투싼(NX4),가솔린 1.6 터보 2WD 인스퍼레이션,21,"38,000 km",,2342,2550,0,0,25.0,[셀프(기본)] ,장부저장
26-09-28,82주4749,KG모빌리티(쌍용),렉스턴스포츠칸,디젤 2.2 4WD 다이내믹 에디션 (5링크 서스펜션),20,"112,496 km",,1323,1550,2,26,25.0,[셀프(기본)] ,장부저장
26-09-28,355너6028,현대,캐스퍼,1.0 터보 디 에센셜,24,"16,782 km",,1289,1450,0,0,25.0,[셀프(기본)] ,장부저장
26-09-28,01수9643,현대,캐스퍼일렉트릭,인스퍼레이션,25,"22,723 km",,2620,2800,0,0,25.0,[셀프(기본)] ,장부저장
26-09-28,30서0962,기아,올뉴카니발,디젤 7인승 리무진 프레지던트,16,"60,000 km",,1184,1380,2,26,25.0,[셀프(기본)] ,장부저장
26-09-21,23소1080,제네시스,G70,2.0T AWD 엘리트,19,"109,299 km",,1432,1650,2,26,25.0,[셀프(기본)] ,장부저장
26-09-21,280부9126,기아,더뉴기아레이,프레스티지,24,"23,400 km",,1356,1530,1,13,25.0,[셀프(기본)] ,장부저장
26-09-18,20나4793,현대,그랜저IG,2.4 프리미엄 스페셜,18,"49,650 km",,1428,1600,0,0,25.0,[셀프(기본)] ,장부저장
26-09-18,286러9279,쉐보레(GM대우),더넥스트스파크,LTZ,16,"123,311 km",,103,350,7,91,18.5,[셀프(기본)] ,장부저장
26-09-17,343서3340,기아,쏘렌토4세대,HEV1.62WD시그니처,21,"76,777 km",,2743,2980,2,26,25.0,[셀프(기본)] ,장부저장
26-09-17,25오2028,현대,싼타페더프라임,디젤2.02WD익스클루시브스페셜,16,"83,000 km",,1239,1440,0,0,25.0,[셀프(기본)] ,장부저장
26-09-17,210노9280,기아,더뉴레이,베스트셀렉션,22,"39,000 km",,1085,1270,2,26,25.0,[셀프(기본)] ,장부저장
26-09-17,137부1979,르노코리아(삼성),XM3,1.6GTeRE,22,"93,000 km",,1124,1310,2,26,25.0,[셀프(기본)] ,장부저장
26-09-17,209러7042,현대,캐스퍼,디에센셜라이트,24,"28,500 km",,1210,1370,0,0,25.0,[셀프(기본)] ,장부저장
26-09-17,183노6170,기아,더뉴레이,시그니처,20,"25,980 km",,1111,1270,0,0,25.0,[셀프(기본)] ,장부저장
26-09-17,241보9495,기아,더뉴모닝(JA),시그니처,23,"7,373 km",,1299,1470,0,0,25.0,[셀프(기본)] ,장부저장
26-08-20,159구3030,현대,투싼(NX4),가솔린1.6터보2WD인스퍼레이션,22,75000 km,,1952,2190,0,0,0.0,[셀프(기본)] 1950,
26-08-20,297로2620,기아,더뉴레이,시그니처,21,79000 km,,979,1190,0,0,0.0,[셀프(기본)] ,매입완료
26-08-20,51보3571,쉐보레(GM대우),더넥스트스파크,LTZ,17,38588 km,,420,620,0,0,0.0,[셀프(기본)] ,
26-08-20,212두9557,쉐보레(GM대우),트레일블레이저,1.3터보2WDRS,21,54000 km,,1507,1770,0,0,0.0,[셀프(기본)] ,
26-08-20,53무0986,기아,올뉴쏘렌토,디젤2.02WD노블레스스페셜,15,126066 km,,734,1030,0,0,0.0,[셀프(기본)] ,
26-08-24,297로2620,기아,더뉴레이,시그니처,21,"79,000 km",,979,1180,0,0,0.0,[셀프(기본)] ,매입완료
26-08-24,101두2235,현대,더뉴캐스퍼,터보인스퍼레이션,24,"48,000 km",,1696,1890,0,0,0.0,[셀프(기본)] ,
26-08-24,374구6256,기아,K53세대,1.6터보프레스티지,22,"84,000 km",,1597,1780,0,0,0.0,[셀프(기본)] ,
26-08-24,121머5740,기아,더뉴레이,트렌디,1,"98,603 km",,610,760,0,0,0.0,[셀프(기본)] ,
26-09-07,203보6341,기아,더뉴기아레이,시그니처,25,"8,410 km",,1538,1710,0,0,0.0,[셀프(기본)] ,
26-09-15,176고8859,르노코리아(삼성),더뉴QM6,2.0GDeLE시그니처2WD,22,"16,551 km",,1865,2050,0,0,0.0,[셀프(기본)] ,매입완료
26-09-15,278수5611,르노코리아(삼성),XM3,1.6GTeRE,22,"12,344 km",,1448,1630,0,0,0.0,[셀프(기본)] 1450,
26-09-15,338보6746,기아,더뉴기아레이,시그니처XLine,26,5 km,,1910,2080,0,0,0.0,[셀프(기본)] ,
26-09-15,338보6748,기아,더뉴기아레이,시그니처XLine,26,6 km,,1910,2080,0,0,0.0,[셀프(기본)] ,
26-09-15,338보6719,기아,더뉴기아레이,시그니처XLine,26,5 km,,1910,2080,0,0,0.0,[셀프(기본)] ,
26-09-15,66주0965,쉐보레(GM대우),트랙스,1.4LTZ,15,"139,700 km",,233,390,0,0,0.0,[셀프(기본)] ,
26-09-15,338보6712,기아,더뉴기아레이,시그니처XLine,26,5 km,,1910,2080,0,0,0.0,[셀프(기본)] ,
26-09-15,106우2792,기아,더뉴K53세대,1.6터보시그니처,24,"45,000 km",,2421,2600,0,0,0.0,[셀프(기본)] ,
26-09-15,247무2148,기아,올뉴모닝(JA),트렌디,20,"82,000 km",,479,680,0,0,0.0,[셀프(기본)] 480,
26-09-15,54마4216,기아,스토닉,1.0터보프레스티지,18,"40,885 km",,863,1030,0,0,0.0,[셀프(기본)] ,
26-09-15,34누9851,르노코리아(삼성),뉴SM3,LE플러스,10,"102,000 km",,79,250,0,0,0.0,[셀프(기본)] 80,
26-09-15,63고5358,KG모빌리티(쌍용),티볼리아머,디젤기어플러스2WD,18,"64,838 km",,612,850,0,0,0.0,[셀프(기본)] ,
26-09-15,42다3709,KG모빌리티(쌍용),티볼리아머,LX2WD,18,"26,650 km",,902,1080,0,0,0.0,[셀프(기본)] ,
26-09-15,10나0210,기아,레이,디럭스,15,"147,000 km",,271,480,0,0,0.0,[셀프(기본)] ,
26-09-15,274다5720,현대,캐스퍼,터보인스퍼레이션,22,"63,000 km",,1257,1470,0,0,0.0,[셀프(기본)] ,
26-09-15,07거4393,현대,싼타페TM,가솔린2.0T2WD인스퍼레이션,19,"116,916 km",,1529,1780,0,0,0.0,[셀프(기본)] ,
26-09-15,306더1535,기아,더뉴카니발,9인승노블레스스페셜,21,"15,599 km",,1634,1880,0,0,0.0,[셀프(기본)] ,
26-09-15,306더1535,기아,더뉴카니발,9인승노블레스스페셜,21,"15,599 km",,1634,1880,0,0,0.0,[셀프(기본)] ,
26-09-15,257구8594,현대,그랜저IG하이브리드,익스클루시브(세부등급없음),17,"134,784 km",,1174,1380,0,0,0.0,[셀프(기본)] ,
26-09-15,364오9445,현대,벨로스터,터보D스펙,14,"115,000 km",,288,550,0,0,0.0,[셀프(기본)] ,
26-09-15,154러8867,기아,더뉴기아레이,시그니처XLine,26,7 km,,1910,2080,0,0,0.0,[셀프(기본)] ,
26-09-15,33루6417,기아,더뉴레이,프레스티지,18,"26,736 km",,922,1150,0,0,0.0,[셀프(기본)] ,
